,SlNo,State_Code,State,District_Key,District,Confirmed,Active,Recovered,Deceased,Migrated_Other,Delta_Confirmed,Delta_Active,Delta_Recovered,Delta_Deceased,District_Notes,Last_Updated
0,0,UN,State Unassigned,UN_Unassigned,Unassigned,8464,8464,0,0,0,352,352,0,0,,
1,1,AN,Andaman and Nicobar Islands,AN_Nicobars,Nicobars,0,0,0,0,0,0,0,0,0,,
2,2,AN,Andaman and Nicobar Islands,AN_North and Middle Andaman,North and Middle Andaman,1,0,1,0,0,0,0,0,0,,
3,3,AN,Andaman and Nicobar Islands,AN_South Andaman,South Andaman,35,3,32,0,0,0,0,0,0,,
4,0,AP,Andhra Pradesh,AP_Foreign Evacuees,Foreign Evacuees,371,291,80,0,0,7,6,1,0,,
5,4,AP,Andhra Pradesh,AP_Anantapur,Anantapur,1080,726,347,7,0,52,52,0,0,,
6,5,AP,Andhra Pradesh,AP_Chittoor,Chittoor,699,404,289,6,0,42,37,5,0,,
7,6,AP,Andhra Pradesh,AP_East Godavari,East Godavari,824,510,308,6,0,64,60,3,1,,
8,7,AP,Andhra Pradesh,AP_Guntur,Guntur,958,431,511,16,0,67,55,10,2,,
9,8,AP,Andhra Pradesh,AP_Krishna,Krishna,1179,615,519,45,0,47,40,5,2,,
10,9,AP,Andhra Pradesh,AP_Kurnool,Kurnool,1555,684,827,44,0,72,50,20,2,,
11,0,AP,Andhra Pradesh,AP_Other State,Other State,1730,652,1078,0,0,69,-21,90,0,,
12,10,AP,Andhra Pradesh,AP_Prakasam,Prakasam,218,88,128,2,0,18,-10,28,0,,
13,11,AP,Andhra Pradesh,AP_S.P.S. Nellore,S.P.S. Nellore,522,212,306,4,0,29,18,11,0,,
14,12,AP,Andhra Pradesh,AP_Srikakulam,Srikakulam,61,23,36,2,0,1,-13,14,0,,
15,13,AP,Andhra Pradesh,AP_Visakhapatnam,Visakhapatnam,407,219,186,2,0,40,40,0,0,,
16,14,AP,Andhra Pradesh,AP_Vizianagaram,Vizianagaram,99,60,39,0,0,5,-3,8,0,,
17,15,AP,Andhra Pradesh,AP_West Godavari,West Godavari,681,565,115,1,0,18,18,0,0,,
18,16,AP,Andhra Pradesh,AP_Y.S.R. Kadapa,Y.S.R. Kadapa,500,280,219,1,0,22,8,14,0,,
19,17,AR,Arunachal Pradesh,AR_Anjaw,Anjaw,0,0,0,0,0,0,0,0,0,,
20,18,AR,Arunachal Pradesh,AR_Changlang,Changlang,76,60,16,0,0,0,0,0,0,,
21,19,AR,Arunachal Pradesh,AR_East Kameng,East Kameng,0,0,0,0,0,0,0,0,0,,
22,20,AR,Arunachal Pradesh,AR_East Siang,East Siang,9,5,4,0,0,0,0,0,0,,
23,21,AR,Arunachal Pradesh,AR_Kamle,Kamle,0,0,0,0,0,0,0,0,0,,
24,22,AR,Arunachal Pradesh,AR_Kra Daadi,Kra Daadi,0,0,0,0,0,0,0,0,0,,
25,23,AR,Arunachal Pradesh,AR_Kurung Kumey,Kurung Kumey,0,0,0,0,0,0,0,0,0,,
26,24,AR,Arunachal Pradesh,AR_Lepa Rada,Lepa Rada,1,1,0,0,0,0,0,0,0,,
27,25,AR,Arunachal Pradesh,AR_Lohit,Lohit,4,2,2,0,0,0,0,0,0,,
28,26,AR,Arunachal Pradesh,AR_Longding,Longding,4,3,1,0,0,0,0,0,0,,
29,27,AR,Arunachal Pradesh,AR_Lower Dibang Valley,Lower Dibang Valley,3,2,1,0,0,0,0,0,0,,
30,28,AR,Arunachal Pradesh,AR_Lower Siang,Lower Siang,1,1,0,0,0,0,0,0,0,,
31,29,AR,Arunachal Pradesh,AR_Lower Subansiri,Lower Subansiri,0,0,0,0,0,0,0,0,0,,
32,30,AR,Arunachal Pradesh,AR_Namsai,Namsai,4,2,2,0,0,0,0,0,0,,
33,31,AR,Arunachal Pradesh,AR_Pakke Kessang,Pakke Kessang,1,0,1,0,0,0,0,0,0,,
34,32,AR,Arunachal Pradesh,AR_Papum Pare,Papum Pare,38,30,8,0,0,0,0,0,0,,
35,33,AR,Arunachal Pradesh,AR_Shi Yomi,Shi Yomi,0,0,0,0,0,0,0,0,0,,
36,34,AR,Arunachal Pradesh,AR_Siang,Siang,0,0,0,0,0,0,0,0,0,,
37,35,AR,Arunachal Pradesh,AR_Tawang,Tawang,2,2,0,0,0,0,0,0,0,,
38,36,AR,Arunachal Pradesh,AR_Tirap,Tirap,3,2,1,0,0,0,0,0,0,,
39,37,AR,Arunachal Pradesh,AR_Upper Dibang Valley,Upper Dibang Valley,0,0,0,0,0,0,0,0,0,,
40,38,AR,Arunachal Pradesh,AR_Upper Siang,Upper Siang,1,0,1,0,0,0,0,0,0,,
41,39,AR,Arunachal Pradesh,AR_Upper Subansiri,Upper Subansiri,0,0,0,0,0,0,0,0,0,,
42,40,AR,Arunachal Pradesh,AR_West Kameng,West Kameng,12,11,0,1,0,0,0,0,0,,
43,41,AR,Arunachal Pradesh,AR_West Siang,West Siang,1,0,1,0,0,0,0,0,0,,
44,0,AS,Assam,AS_Airport Quarantine,Airport Quarantine,4,4,0,0,0,0,0,0,0,,
45,42,AS,Assam,AS_Baksa,Baksa,85,85,0,0,0,8,8,0,0,,
46,43,AS,Assam,AS_Barpeta,Barpeta,147,92,55,0,0,0,0,0,0,,
47,44,AS,Assam,AS_Biswanath,Biswanath,58,42,16,0,0,2,2,0,0,,
48,45,AS,Assam,AS_Bongaigaon,Bongaigaon,24,17,7,0,0,0,0,0,0,,
49,46,AS,Assam,AS_Cachar,Cachar,98,16,82,0,0,0,0,0,0,,
50,47,AS,Assam,AS_Charaideo,Charaideo,16,16,0,0,0,0,0,0,0,,
51,48,AS,Assam,AS_Chirang,Chirang,52,52,0,0,0,0,0,0,0,,
52,49,AS,Assam,AS_Darrang,Darrang,102,102,0,0,0,0,0,0,0,,
53,50,AS,Assam,AS_Dhemaji,Dhemaji,95,89,6,0,0,1,1,0,0,,
54,51,AS,Assam,AS_Dhubri,Dhubri,334,329,5,0,0,4,4,0,0,,
55,52,AS,Assam,AS_Dibrugarh,Dibrugarh,77,72,5,0,0,5,5,0,0,,
56,53,AS,Assam,AS_Dima Hasao,Dima Hasao,89,80,9,0,0,0,0,0,0,,
57,54,AS,Assam,AS_Goalpara,Goalpara,57,38,4,0,0,0,0,0,0,,
58,55,AS,Assam,AS_Golaghat,Golaghat,272,184,88,0,0,0,0,0,0,,
59,56,AS,Assam,AS_Hailakandi,Hailakandi,78,72,5,1,0,0,0,0,0,,
60,57,AS,Assam,AS_Hojai,Hojai,267,267,0,0,0,0,0,0,0,,
61,58,AS,Assam,AS_Jorhat,Jorhat,139,85,54,0,0,0,0,0,0,,
62,59,AS,Assam,AS_Kamrup,Kamrup,215,194,21,0,0,3,3,0,0,,
63,60,AS,Assam,AS_Kamrup Metropolitan,Kamrup Metropolitan,714,327,383,4,0,23,23,0,0,,
64,61,AS,Assam,AS_Karbi Anglong,Karbi Anglong,39,32,7,0,0,0,0,0,0,,
65,62,AS,Assam,AS_Karimganj,Karimganj,99,79,20,0,0,0,0,0,0,,
66,63,AS,Assam,AS_Kokrajhar,Kokrajhar,86,76,10,0,0,3,3,0,0,,
67,64,AS,Assam,AS_Lakhimpur,Lakhimpur,82,76,6,0,0,0,0,0,0,,
68,65,AS,Assam,AS_Majuli,Majuli,21,21,0,0,0,0,0,0,0,,
69,66,AS,Assam,AS_Morigaon,Morigaon,49,21,28,0,0,0,0,0,0,,
70,67,AS,Assam,AS_Nagaon,Nagaon,327,302,25,0,0,0,0,0,0,,
71,68,AS,Assam,AS_Nalbari,Nalbari,28,19,9,0,0,2,2,0,0,,
72,0,AS,Assam,AS_Other State,Other State,1,0,1,0,0,0,0,0,0,,
73,69,AS,Assam,AS_Sivasagar,Sivasagar,29,3,26,0,0,0,0,0,0,,
74,70,AS,Assam,AS_Sonitpur,Sonitpur,104,69,35,0,0,20,20,0,0,,
75,71,AS,Assam,AS_South Salmara Mankachar,South Salmara Mankachar,7,6,1,0,0,0,0,0,0,,
76,72,AS,Assam,AS_Tinsukia,Tinsukia,114,108,6,0,0,10,10,0,0,,
77,73,AS,Assam,AS_Udalguri,Udalguri,105,103,2,0,0,0,0,0,0,,
78,74,AS,Assam,AS_West Karbi Anglong,West Karbi Anglong,28,28,0,0,0,0,0,0,0,,
79,75,BR,Bihar,BR_Araria,Araria,103,20,82,1,0,0,0,0,0,,
80,76,BR,Bihar,BR_Arwal,Arwal,96,26,70,0,0,1,-2,3,0,,
81,77,BR,Bihar,BR_Aurangabad,Aurangabad,188,46,141,1,0,6,-8,14,0,,
82,78,BR,Bihar,BR_Banka,Banka,223,51,172,0,0,1,-3,4,0,,
83,79,BR,Bihar,BR_Begusarai,Begusarai,364,30,330,4,0,0,-45,45,0,,
84,80,BR,Bihar,BR_Bhagalpur,Bhagalpur,382,61,320,1,0,0,-2,2,0,,
85,81,BR,Bihar,BR_Bhojpur,Bhojpur,165,26,137,2,0,0,0,0,0,,
86,82,BR,Bihar,BR_Buxar,Buxar,208,61,147,0,0,3,1,2,0,,
87,83,BR,Bihar,BR_Darbhanga,Darbhanga,277,101,171,5,0,5,-7,12,0,,
88,101,BR,Bihar,BR_East Champaran,East Champaran,174,17,156,1,0,7,1,6,0,,
89,84,BR,Bihar,BR_Gaya,Gaya,184,43,139,2,0,0,0,0,0,,
90,85,BR,Bihar,BR_Gopalganj,Gopalganj,223,39,184,0,0,1,-9,10,0,,
91,86,BR,Bihar,BR_Jamui,Jamui,69,21,47,1,0,8,8,0,0,,
92,87,BR,Bihar,BR_Jehanabad,Jehanabad,223,31,190,2,0,1,1,0,0,,
93,88,BR,Bihar,BR_Kaimur,Kaimur,149,10,139,0,0,0,-53,53,0,,
94,89,BR,Bihar,BR_Katihar,Katihar,272,40,231,1,0,0,0,0,0,,
95,90,BR,Bihar,BR_Khagaria,Khagaria,296,4,289,3,0,0,-6,6,0,,
96,91,BR,Bihar,BR_Kishanganj,Kishanganj,146,20,126,0,0,0,-7,7,0,,
97,92,BR,Bihar,BR_Lakhisarai,Lakhisarai,97,27,70,0,0,0,-3,3,0,,
98,93,BR,Bihar,BR_Madhepura,Madhepura,168,33,134,1,0,6,6,0,0,,
99,94,BR,Bihar,BR_Madhubani,Madhubani,394,121,272,1,0,0,-97,97,0,,
100,95,BR,Bihar,BR_Munger,Munger,321,52,268,1,0,0,-9,9,0,,
101,96,BR,Bihar,BR_Muzaffarpur,Muzaffarpur,252,75,175,2,0,13,10,3,0,,
102,97,BR,Bihar,BR_Nalanda,Nalanda,194,33,158,3,0,0,-10,10,0,,
103,98,BR,Bihar,BR_Nawada,Nawada,219,25,192,2,0,1,-3,4,0,,
104,100,BR,Bihar,BR_Patna,Patna,508,213,290,5,0,7,3,3,1,,
105,102,BR,Bihar,BR_Purnia,Purnia,270,48,222,0,0,0,0,0,0,,
106,103,BR,Bihar,BR_Rohtas,Rohtas,320,22,297,1,0,4,-23,27,0,,
107,104,BR,Bihar,BR_Saharsa,Saharsa,159,67,92,0,0,3,3,0,0,,
108,105,BR,Bihar,BR_Samastipur,Samastipur,301,133,166,2,0,6,-10,16,0,,
109,106,BR,Bihar,BR_Saran,Saran,187,22,160,5,0,0,-25,25,0,,
110,107,BR,Bihar,BR_Sheikhpura,Sheikhpura,133,30,103,0,0,0,0,0,0,,
111,108,BR,Bihar,BR_Sheohar,Sheohar,78,5,72,1,0,0,-3,3,0,,
112,109,BR,Bihar,BR_Sitamarhi,Sitamarhi,130,12,116,2,0,0,-2,2,0,,
113,110,BR,Bihar,BR_Siwan,Siwan,399,174,223,2,0,9,3,6,0,,
114,111,BR,Bihar,BR_Supaul,Supaul,222,42,180,0,0,12,11,1,0,,
115,112,BR,Bihar,BR_Vaishali,Vaishali,140,34,103,3,0,1,0,1,0,,
116,99,BR,Bihar,BR_West Champaran,West Champaran,147,30,116,1,0,13,13,0,0,,
117,113,CH,Chandigarh,CH_Chandigarh,Chandigarh,423,88,329,6,0,3,-4,7,0,,
118,0,CT,Chhattisgarh,CT_Other State,Other State,1,0,1,0,0,0,0,0,0,,
119,114,CT,Chhattisgarh,CT_Balod,Balod,44,3,41,0,0,0,0,0,0,,
120,115,CT,Chhattisgarh,CT_Baloda Bazar,Baloda Bazar,225,92,133,0,0,0,0,0,0,,
121,116,CT,Chhattisgarh,CT_Balrampur,Balrampur,111,39,72,0,0,0,0,0,0,,
122,117,CT,Chhattisgarh,CT_Bametara,Bametara,45,7,38,0,0,0,0,0,0,,
123,118,CT,Chhattisgarh,CT_Bastar,Bastar,5,0,4,1,0,0,0,0,0,,
124,119,CT,Chhattisgarh,CT_Bijapur,Bijapur,0,0,0,0,0,0,0,0,0,,
125,120,CT,Chhattisgarh,CT_Bilaspur,Bilaspur,172,0,170,2,0,0,0,0,0,,
126,121,CT,Chhattisgarh,CT_Dakshin Bastar Dantewada,Dakshin Bastar Dantewada,2,0,2,0,0,0,0,0,0,,
127,122,CT,Chhattisgarh,CT_Dhamtari,Dhamtari,8,1,6,1,0,0,0,0,0,,
128,123,CT,Chhattisgarh,CT_Durg,Durg,109,46,60,3,0,0,0,0,0,,
129,124,CT,Chhattisgarh,CT_Gariaband,Gariaband,26,10,16,0,0,0,0,0,0,,
130,125,CT,Chhattisgarh,CT_Janjgir Champa,Janjgir Champa,220,113,107,0,0,0,0,0,0,,
131,126,CT,Chhattisgarh,CT_Jashpur,Jashpur,122,40,82,0,0,0,0,0,0,,
132,127,CT,Chhattisgarh,CT_Kabeerdham,Kabeerdham,92,12,80,0,0,0,0,0,0,,
133,128,CT,Chhattisgarh,CT_Kondagaon,Kondagaon,3,1,2,0,0,0,0,0,0,,
134,129,CT,Chhattisgarh,CT_Korba,Korba,306,105,201,0,0,0,0,0,0,,
135,130,CT,Chhattisgarh,CT_Koriya,Koriya,56,7,49,0,0,0,0,0,0,,
136,131,CT,Chhattisgarh,CT_Mahasamund,Mahasamund,82,8,73,1,0,0,0,0,0,,
137,132,CT,Chhattisgarh,CT_Mungeli,Mungeli,121,17,104,0,0,0,0,0,0,,
138,133,CT,Chhattisgarh,CT_Narayanpur,Narayanpur,9,7,2,0,0,0,0,0,0,,
139,134,CT,Chhattisgarh,CT_Raigarh,Raigarh,94,21,72,1,0,0,0,0,0,,
140,135,CT,Chhattisgarh,CT_Raipur,Raipur,236,108,127,1,0,0,0,0,0,,
141,136,CT,Chhattisgarh,CT_Rajnandgaon,Rajnandgaon,209,119,88,2,0,0,0,0,0,,
142,137,CT,Chhattisgarh,CT_Sukma,Sukma,3,3,0,0,0,0,0,0,0,,
143,138,CT,Chhattisgarh,CT_Surajpur,Surajpur,21,3,18,0,0,0,0,0,0,,
144,139,CT,Chhattisgarh,CT_Surguja,Surguja,49,24,25,0,0,0,0,0,0,,
145,140,CT,Chhattisgarh,CT_Uttar Bastar Kanker,Uttar Bastar Kanker,45,20,25,0,0,0,0,0,0,,
146,766,CT,Chhattisgarh,CT_Gaurela Pendra Marwahi,Gaurela Pendra Marwahi,3,0,3,0,0,0,0,0,0,,
147,144,DL,Delhi,DL_Central Delhi,Central Delhi,184,184,0,0,0,0,0,0,0,,
148,145,DL,Delhi,DL_East Delhi,East Delhi,38,38,0,0,0,0,0,0,0,,
149,146,DL,Delhi,DL_New Delhi,New Delhi,37,37,0,0,0,0,0,0,0,,
150,147,DL,Delhi,DL_North Delhi,North Delhi,60,60,0,0,0,0,0,0,0,,
151,148,DL,Delhi,DL_North East Delhi,North East Delhi,25,25,0,0,0,0,0,0,0,,
152,149,DL,Delhi,DL_North West Delhi,North West Delhi,32,31,0,1,0,0,0,0,0,,
153,150,DL,Delhi,DL_Shahdara,Shahdara,48,48,0,0,0,0,0,0,0,,
154,151,DL,Delhi,DL_South Delhi,South Delhi,70,70,0,0,0,0,0,0,0,,
155,152,DL,Delhi,DL_South East Delhi,South East Delhi,130,130,0,0,0,0,0,0,0,,
156,153,DL,Delhi,DL_South West Delhi,South West Delhi,42,42,0,0,0,0,0,0,0,,
157,154,DL,Delhi,DL_West Delhi,West Delhi,122,122,0,0,0,0,0,0,0,,
158,0,DN,Dadra and Nagar Haveli and Daman and Diu,DN_Other State,Other State,0,0,0,0,0,0,0,0,0,,
159,141,DN,Dadra and Nagar Haveli and Daman and Diu,DN_Dadra and Nagar Haveli,Dadra and Nagar Haveli,79,49,29,0,1,11,11,0,0,,
160,142,DN,Dadra and Nagar Haveli and Daman and Diu,DN_Daman,Daman,54,53,1,0,0,0,0,0,0,,
161,143,DN,Dadra and Nagar Haveli and Daman and Diu,DN_Diu,Diu,12,10,2,0,0,0,-2,2,0,,
162,0,GA,Goa,GA_Other State,Other State,4,4,0,0,0,0,0,0,0,,
163,155,GA,Goa,GA_North Goa,North Goa,6,-1,6,1,0,0,0,0,0,,
164,156,GA,Goa,GA_South Goa,South Goa,377,316,61,0,0,0,0,0,0,,
165,0,GJ,Gujarat,GJ_Other State,Other State,60,51,8,1,0,0,0,0,0,,
166,157,GJ,Gujarat,GJ_Ahmedabad,Ahmedabad,19839,3398,15051,1390,0,238,10,216,12,,
167,158,GJ,Gujarat,GJ_Amreli,Amreli,54,26,23,5,0,3,1,2,0,,
168,159,GJ,Gujarat,GJ_Anand,Anand,174,14,147,13,0,7,-1,8,0,,
169,160,GJ,Gujarat,GJ_Aravalli,Aravalli,188,29,144,15,0,2,2,0,0,,
170,161,GJ,Gujarat,GJ_Banaskantha,Banaskantha,168,17,143,8,0,0,-4,4,0,,
171,162,GJ,Gujarat,GJ_Bharuch,Bharuch,181,85,90,6,0,9,-2,11,0,,
172,163,GJ,Gujarat,GJ_Bhavnagar,Bhavnagar,218,59,146,13,0,5,4,1,0,,
173,164,GJ,Gujarat,GJ_Botad,Botad,78,14,62,2,0,1,1,0,0,,
174,165,GJ,Gujarat,GJ_Chhota Udaipur,Chhota Udaipur,46,7,37,2,0,0,0,0,0,,
175,167,GJ,Gujarat,GJ_Dahod,Dahod,55,11,44,0,0,1,1,0,0,,
176,187,GJ,Gujarat,GJ_Dang,Dang,4,0,4,0,0,0,0,0,0,,
177,166,GJ,Gujarat,GJ_Devbhumi Dwarka,Devbhumi Dwarka,20,4,15,1,0,0,0,0,0,,
178,168,GJ,Gujarat,GJ_Gandhinagar,Gandhinagar,602,157,418,27,0,15,-23,36,2,,
179,169,GJ,Gujarat,GJ_Gir Somnath,Gir Somnath,67,18,48,1,0,4,4,0,0,,
180,170,GJ,Gujarat,GJ_Jamnagar,Jamnagar,174,93,77,4,0,14,7,7,0,,
181,171,GJ,Gujarat,GJ_Junagadh,Junagadh,74,27,46,1,0,4,1,3,0,,
182,173,GJ,Gujarat,GJ_Kheda,Kheda,131,29,97,5,0,6,3,3,0,,
183,172,GJ,Gujarat,GJ_Kutch,Kutch,127,35,87,5,0,5,5,0,0,,
184,175,GJ,Gujarat,GJ_Mahisagar,Mahisagar,133,21,110,2,0,0,0,0,0,,
185,174,GJ,Gujarat,GJ_Mehsana,Mehsana,228,79,138,11,0,4,4,0,0,,
186,176,GJ,Gujarat,GJ_Morbi,Morbi,11,4,6,1,0,1,0,1,0,,
187,177,GJ,Gujarat,GJ_Narmada,Narmada,79,47,32,0,0,11,9,2,0,,
188,178,GJ,Gujarat,GJ_Navsari,Navsari,64,25,38,1,0,5,5,0,0,,
189,179,GJ,Gujarat,GJ_Panchmahal,Panchmahal,159,27,117,15,0,6,3,3,0,,
190,180,GJ,Gujarat,GJ_Patan,Patan,154,41,100,13,0,2,2,0,0,,
191,181,GJ,Gujarat,GJ_Porbandar,Porbandar,14,2,10,2,0,0,0,0,0,,
192,182,GJ,Gujarat,GJ_Rajkot,Rajkot,215,98,112,5,0,14,6,8,0,,
193,183,GJ,Gujarat,GJ_Sabarkantha,Sabarkantha,158,43,107,8,0,2,-2,4,0,,
194,184,GJ,Gujarat,GJ_Surat,Surat,3876,1152,2582,142,0,164,115,46,3,,
195,185,GJ,Gujarat,GJ_Surendranagar,Surendranagar,106,48,53,5,0,2,-2,3,1,,
196,186,GJ,Gujarat,GJ_Tapi,Tapi,6,1,5,0,0,0,0,0,0,,
197,188,GJ,Gujarat,GJ_Vadodara,Vadodara,2029,620,1362,47,0,44,-8,52,0,,
198,189,GJ,Gujarat,GJ_Valsad,Valsad,88,38,47,3,0,8,8,0,0,,
199,212,HP,Himachal Pradesh,HP_Bilaspur,Bilaspur,38,15,23,0,0,0,0,0,0,,
200,213,HP,Himachal Pradesh,HP_Chamba,Chamba,50,13,36,0,1,0,-1,1,0,,
201,214,HP,Himachal Pradesh,HP_Hamirpur,Hamirpur,222,107,114,1,0,1,1,0,0,,
202,215,HP,Himachal Pradesh,HP_Kangra,Kangra,211,86,122,3,0,0,-1,0,1,Death of Tibetan refugee on March 22 included in Kangra district's tally,
203,216,HP,Himachal Pradesh,HP_Kinnaur,Kinnaur,3,0,3,0,0,0,0,0,0,,
204,217,HP,Himachal Pradesh,HP_Kullu,Kullu,5,1,4,0,0,0,0,0,0,,
205,218,HP,Himachal Pradesh,HP_Lahaul and Spiti,Lahaul and Spiti,0,0,0,0,0,0,0,0,0,,
206,219,HP,Himachal Pradesh,HP_Mandi,Mandi,24,1,21,2,0,0,0,0,0,,
207,220,HP,Himachal Pradesh,HP_Shimla,Shimla,37,18,16,2,1,0,0,0,0,,
208,221,HP,Himachal Pradesh,HP_Sirmaur,Sirmaur,34,10,17,0,7,0,0,0,0,,
209,222,HP,Himachal Pradesh,HP_Solan,Solan,84,38,42,0,4,0,-1,1,0,,
210,223,HP,Himachal Pradesh,HP_Una,Una,99,29,70,0,0,0,0,0,0,,
211,0,HR,Haryana,HR_Foreign Evacuees,Foreign Evacuees,21,15,6,0,0,0,0,0,0,,
212,190,HR,Haryana,HR_Ambala,Ambala,302,106,193,3,0,3,-8,11,0,,
213,191,HR,Haryana,HR_Bhiwani,Bhiwani,331,223,105,3,0,15,6,9,0,,
214,192,HR,Haryana,HR_Charkhi Dadri,Charkhi Dadri,69,23,45,1,0,0,0,0,0,,
215,193,HR,Haryana,HR_Faridabad,Faridabad,2940,1375,1497,68,0,143,-51,191,3,,
216,194,HR,Haryana,HR_Fatehabad,Fatehabad,98,20,78,0,0,4,-7,11,0,,
217,195,HR,Haryana,HR_Gurugram,Gurugram,4851,1734,3041,76,0,89,-76,164,1,,
218,196,HR,Haryana,HR_Hisar,Hisar,214,93,120,1,0,8,-11,19,0,,
219,0,HR,Haryana,HR_Italians,Italians,14,0,14,0,0,0,0,0,0,,
220,197,HR,Haryana,HR_Jhajjar,Jhajjar,217,78,136,3,0,9,5,4,0,,
221,198,HR,Haryana,HR_Jind,Jind,96,56,36,4,0,0,0,0,0,,
222,199,HR,Haryana,HR_Kaithal,Kaithal,78,24,54,0,0,8,6,2,0,,
223,200,HR,Haryana,HR_Karnal,Karnal,262,96,162,4,0,26,17,8,1,,
224,201,HR,Haryana,HR_Kurukshetra,Kurukshetra,112,46,66,0,0,0,0,0,0,,
225,202,HR,Haryana,HR_Mahendragarh,Mahendragarh,201,54,147,0,0,0,-3,3,0,,
226,203,HR,Haryana,HR_Nuh,Nuh,161,25,136,0,0,1,-7,8,0,,
227,204,HR,Haryana,HR_Palwal,Palwal,290,85,203,2,0,10,-3,13,0,,
228,205,HR,Haryana,HR_Panchkula,Panchkula,103,53,50,0,0,4,4,0,0,,
229,206,HR,Haryana,HR_Panipat,Panipat,152,38,107,7,0,15,5,9,1,,
230,207,HR,Haryana,HR_Rewari,Rewari,221,135,82,4,0,3,3,0,0,,
231,208,HR,Haryana,HR_Rohtak,Rohtak,488,76,405,7,0,7,7,0,0,,
232,209,HR,Haryana,HR_Sirsa,Sirsa,93,20,73,0,0,3,0,3,0,,
233,210,HR,Haryana,HR_Sonipat,Sonipat,1059,470,574,15,0,105,101,0,4,,
234,211,HR,Haryana,HR_Yamunanagar,Yamunanagar,90,40,50,0,0,0,0,0,0,,
235,246,JH,Jharkhand,JH_Bokaro,Bokaro,36,7,27,2,0,0,0,0,0,,
236,247,JH,Jharkhand,JH_Chatra,Chatra,43,7,36,0,0,0,0,0,0,,
237,248,JH,Jharkhand,JH_Deoghar,Deoghar,33,23,10,0,0,0,0,0,0,,
238,249,JH,Jharkhand,JH_Dhanbad,Dhanbad,127,18,109,0,0,0,0,0,0,,
239,250,JH,Jharkhand,JH_Dumka,Dumka,4,0,4,0,0,0,0,0,0,,
240,264,JH,Jharkhand,JH_East Singhbhum,East Singhbhum,346,176,170,0,0,0,0,0,0,,
241,251,JH,Jharkhand,JH_Garhwa,Garhwa,97,11,86,0,0,0,0,0,0,,
242,252,JH,Jharkhand,JH_Giridih,Giridih,72,20,51,1,0,0,0,0,0,,
243,253,JH,Jharkhand,JH_Godda,Godda,8,7,1,0,0,0,0,0,0,,
244,254,JH,Jharkhand,JH_Gumla,Gumla,105,36,68,1,0,0,0,0,0,,
245,255,JH,Jharkhand,JH_Hazaribagh,Hazaribagh,174,50,122,2,0,0,0,0,0,,
246,256,JH,Jharkhand,JH_Jamtara,Jamtara,28,8,20,0,0,0,0,0,0,,
247,257,JH,Jharkhand,JH_Khunti,Khunti,25,2,23,0,0,0,0,0,0,,
248,258,JH,Jharkhand,JH_Koderma,Koderma,166,56,109,1,0,0,0,0,0,,
249,259,JH,Jharkhand,JH_Latehar,Latehar,54,6,48,0,0,0,0,0,0,,
250,260,JH,Jharkhand,JH_Lohardaga,Lohardaga,53,12,41,0,0,0,0,0,0,,
251,261,JH,Jharkhand,JH_Pakur,Pakur,30,0,30,0,0,0,0,0,0,,
252,262,JH,Jharkhand,JH_Palamu,Palamu,50,5,45,0,0,0,0,0,0,,
253,265,JH,Jharkhand,JH_Ramgarh,Ramgarh,120,32,88,0,0,0,0,0,0,,
254,266,JH,Jharkhand,JH_Ranchi,Ranchi,202,49,148,5,0,0,0,0,0,,
255,267,JH,Jharkhand,JH_Sahibganj,Sahibganj,4,1,3,0,0,0,0,0,0,,
256,268,JH,Jharkhand,JH_Saraikela-Kharsawan,Saraikela-Kharsawan,36,7,29,0,0,0,0,0,0,,
257,269,JH,Jharkhand,JH_Simdega,Simdega,349,79,270,0,0,0,0,0,0,,
258,263,JH,Jharkhand,JH_West Singhbhum,West Singhbhum,57,20,37,0,0,0,0,0,0,,
259,224,JK,Jammu and Kashmir,JK_Anantnag,Anantnag,622,160,456,6,0,0,-13,13,0,,
260,226,JK,Jammu and Kashmir,JK_Bandipora,Bandipora,283,44,238,1,0,3,0,3,0,,
261,227,JK,Jammu and Kashmir,JK_Baramulla,Baramulla,685,324,347,14,0,15,2,13,0,,
262,225,JK,Jammu and Kashmir,JK_Budgam,Budgam,347,161,180,6,0,0,-27,27,0,,
263,228,JK,Jammu and Kashmir,JK_Doda,Doda,72,17,54,1,0,1,1,0,0,,
264,229,JK,Jammu and Kashmir,JK_Ganderbal,Ganderbal,82,23,59,0,0,6,6,0,0,,
265,230,JK,Jammu and Kashmir,JK_Jammu,Jammu,322,68,247,7,0,4,-3,7,0,,
266,231,JK,Jammu and Kashmir,JK_Kathua,Kathua,206,87,119,0,0,3,1,2,0,,
267,232,JK,Jammu and Kashmir,JK_Kishtwar,Kishtwar,25,9,16,0,0,0,-1,1,0,,
268,233,JK,Jammu and Kashmir,JK_Kulgam,Kulgam,746,246,489,11,0,35,35,0,0,,
269,234,JK,Jammu and Kashmir,JK_Kupwara,Kupwara,491,126,360,5,0,9,-7,16,0,,
270,235,JK,Jammu and Kashmir,JK_Mirpur,Mirpur,0,0,0,0,0,0,0,0,0,,
271,236,JK,Jammu and Kashmir,JK_Muzaffarabad,Muzaffarabad,0,0,0,0,0,0,0,0,0,,
272,237,JK,Jammu and Kashmir,JK_Pulwama,Pulwama,387,215,168,4,0,0,-5,5,0,,
273,238,JK,Jammu and Kashmir,JK_Punch,Punch,117,25,91,1,0,0,-5,4,1,,
274,239,JK,Jammu and Kashmir,JK_Rajouri,Rajouri,94,56,37,1,0,3,3,0,0,,
275,240,JK,Jammu and Kashmir,JK_Ramban,Ramban,213,62,151,0,0,0,-17,17,0,,
276,241,JK,Jammu and Kashmir,JK_Reasi,Reasi,37,12,25,0,0,1,0,1,0,,
277,242,JK,Jammu and Kashmir,JK_Samba,Samba,135,70,65,0,0,2,-3,5,0,,
278,243,JK,Jammu and Kashmir,JK_Shopiyan,Shopiyan,683,194,479,10,0,12,-15,27,0,,
279,244,JK,Jammu and Kashmir,JK_Srinagar,Srinagar,785,529,234,22,0,33,26,6,1,,
280,245,JK,Jammu and Kashmir,JK_Udhampur,Udhampur,217,64,152,1,0,0,-2,2,0,,
281,270,KA,Karnataka,KA_Bagalkote,Bagalkote,155,54,100,1,0,18,18,0,0,,
282,271,KA,Karnataka,KA_Ballari,Ballari,555,353,194,8,0,26,-23,49,0,,
283,272,KA,Karnataka,KA_Belagavi,Belagavi,316,20,295,1,0,4,-2,6,0,,
284,274,KA,Karnataka,KA_Bengaluru Rural,Bengaluru Rural,70,52,14,4,0,12,6,3,3,,
285,273,KA,Karnataka,KA_Bengaluru Urban,Bengaluru Urban,1791,1206,506,78,1,113,83,30,0,,
286,275,KA,Karnataka,KA_Bidar,Bidar,537,126,396,15,0,8,-10,18,0,,
287,276,KA,Karnataka,KA_Chamarajanagara,Chamarajanagara,9,8,1,0,0,1,1,0,0,,
288,277,KA,Karnataka,KA_Chikkaballapura,Chikkaballapura,182,32,147,2,1,2,2,0,0,,
289,278,KA,Karnataka,KA_Chikkamagaluru,Chikkamagaluru,44,20,23,1,0,1,1,0,0,,
290,279,KA,Karnataka,KA_Chitradurga,Chitradurga,47,6,41,0,0,0,0,0,0,,
291,280,KA,Karnataka,KA_Dakshina Kannada,Dakshina Kannada,486,142,334,8,2,29,-60,88,1,,
292,281,KA,Karnataka,KA_Davanagere,Davanagere,282,48,227,7,0,7,7,0,0,,
293,282,KA,Karnataka,KA_Dharwad,Dharwad,244,100,141,3,0,26,-17,43,0,,
294,283,KA,Karnataka,KA_Gadag,Gadag,104,57,45,2,0,10,7,3,0,,
295,284,KA,Karnataka,KA_Hassan,Hassan,311,80,230,1,0,12,-5,17,0,,
296,285,KA,Karnataka,KA_Haveri,Haveri,54,29,25,0,0,10,10,0,0,,
297,286,KA,Karnataka,KA_Kalaburagi,Kalaburagi,1289,415,860,14,0,35,3,31,1,,
298,287,KA,Karnataka,KA_Kodagu,Kodagu,26,23,3,0,0,18,18,0,0,,
299,288,KA,Karnataka,KA_Kolar,Kolar,84,48,36,0,0,4,4,0,0,,
300,289,KA,Karnataka,KA_Koppal,Koppal,44,23,20,1,0,0,-2,2,0,,
301,290,KA,Karnataka,KA_Mandya,Mandya,382,48,334,0,0,9,9,0,0,,
302,291,KA,Karnataka,KA_Mysuru,Mysuru,218,92,125,1,0,22,6,15,1,,
303,0,KA,Karnataka,KA_Other State,Other State,36,1,32,3,0,0,0,0,0,,
304,292,KA,Karnataka,KA_Raichur,Raichur,443,86,355,2,0,0,-48,48,0,,
305,293,KA,Karnataka,KA_Ramanagara,Ramanagara,147,137,6,4,0,33,33,0,0,,
306,294,KA,Karnataka,KA_Shivamogga,Shivamogga,123,29,93,1,0,4,-1,5,0,,
307,295,KA,Karnataka,KA_Tumakuru,Tumakuru,58,16,39,3,0,1,1,0,0,,
308,296,KA,Karnataka,KA_Udupi,Udupi,1116,103,1011,2,0,14,-19,33,0,,
309,297,KA,Karnataka,KA_Uttara Kannada,Uttara Kannada,167,45,122,0,0,11,1,10,0,,
310,298,KA,Karnataka,KA_Vijayapura,Vijayapura,331,92,232,7,0,10,10,0,0,,
311,299,KA,Karnataka,KA_Yadgir,Yadgir,909,223,685,1,0,2,-116,118,0,,
312,0,KL,Kerala,KL_Other State,Other State,2,2,0,0,0,0,0,0,0,,
313,300,KL,Kerala,KL_Alappuzha,Alappuzha,242,142,99,1,0,18,15,3,0,,
314,301,KL,Kerala,KL_Ernakulam,Ernakulam,209,122,85,1,1,10,8,2,0,,
315,302,KL,Kerala,KL_Idukki,Idukki,95,56,39,0,0,3,1,2,0,,
316,303,KL,Kerala,KL_Kannur,Kannur,384,115,264,5,0,9,8,1,0,,
317,304,KL,Kerala,KL_Kasaragod,Kasaragod,421,128,293,0,0,4,-4,8,0,,
318,305,KL,Kerala,KL_Kollam,Kollam,283,194,87,2,0,13,13,0,0,,
319,306,KL,Kerala,KL_Kottayam,Kottayam,180,91,88,1,0,2,0,2,0,,
320,307,KL,Kerala,KL_Kozhikode,Kozhikode,227,74,152,1,0,7,1,6,0,,
321,308,KL,Kerala,KL_Malappuram,Malappuram,385,184,198,3,0,6,-6,12,0,,
322,309,KL,Kerala,KL_Palakkad,Palakkad,448,226,220,1,1,24,19,5,0,,
323,310,KL,Kerala,KL_Pathanamthitta,Pathanamthitta,262,183,79,0,0,13,4,9,0,,
324,311,KL,Kerala,KL_Thiruvananthapuram,Thiruvananthapuram,182,63,115,4,0,2,2,0,0,,
325,312,KL,Kerala,KL_Thrissur,Thrissur,327,147,177,3,0,10,7,3,0,,
326,313,KL,Kerala,KL_Wayanad,Wayanad,80,34,45,1,0,2,2,0,0,,
327,314,LA,Ladakh,LA_Kargil,Kargil,690,435,255,0,0,0,-68,68,0,,
328,315,LA,Ladakh,LA_Leh,Leh,242,138,103,1,0,0,-16,16,0,,
329,316,LD,Lakshadweep,LD_Lakshadweep,Lakshadweep,0,0,0,0,0,0,0,0,0,,
330,369,MH,Maharashtra,MH_Ahmednagar,Ahmednagar,300,57,231,12,0,0,0,0,0,,
331,370,MH,Maharashtra,MH_Akola,Akola,1319,458,791,69,1,0,0,0,0,,
332,371,MH,Maharashtra,MH_Amravati,Amravati,471,119,328,24,0,0,0,0,0,,
333,372,MH,Maharashtra,MH_Aurangabad,Aurangabad,3867,1674,1992,201,0,0,0,0,0,,
334,374,MH,Maharashtra,MH_Beed,Beed,102,29,70,3,0,0,0,0,0,,
335,373,MH,Maharashtra,MH_Bhandara,Bhandara,77,28,49,0,0,0,0,0,0,,
336,375,MH,Maharashtra,MH_Buldhana,Buldhana,179,48,120,11,0,0,0,0,0,,
337,376,MH,Maharashtra,MH_Chandrapur,Chandrapur,64,19,45,0,0,0,0,0,0,,
338,377,MH,Maharashtra,MH_Dhule,Dhule,588,186,353,47,2,0,0,0,0,,
339,378,MH,Maharashtra,MH_Gadchiroli,Gadchiroli,60,12,47,1,0,0,0,0,0,,
340,379,MH,Maharashtra,MH_Gondia,Gondia,103,18,85,0,0,0,0,0,0,,
341,380,MH,Maharashtra,MH_Hingoli,Hingoli,262,30,231,1,0,0,0,0,0,,
342,381,MH,Maharashtra,MH_Jalgaon,Jalgaon,2500,1006,1296,198,0,0,0,0,0,,
343,382,MH,Maharashtra,MH_Jalna,Jalna,395,119,264,12,0,0,0,0,0,,
344,383,MH,Maharashtra,MH_Kolhapur,Kolhapur,758,50,700,8,0,0,0,0,0,,
345,384,MH,Maharashtra,MH_Latur,Latur,237,75,149,13,0,0,0,0,0,,
346,385,MH,Maharashtra,MH_Mumbai,Mumbai,69528,28548,37008,3964,8,0,0,0,0,,
347,386,MH,Maharashtra,MH_Mumbai Suburban,Mumbai Suburban,0,0,0,0,0,0,0,0,0,,
348,387,MH,Maharashtra,MH_Nagpur,Nagpur,1366,411,942,13,0,0,0,0,0,,
349,388,MH,Maharashtra,MH_Nanded,Nanded,301,112,178,11,0,0,0,0,0,,
350,389,MH,Maharashtra,MH_Nandurbar,Nandurbar,90,32,52,6,0,0,0,0,0,,
351,390,MH,Maharashtra,MH_Nashik,Nashik,3104,1191,1720,193,0,0,0,0,0,,
352,391,MH,Maharashtra,MH_Osmanabad,Osmanabad,186,43,135,8,0,0,0,0,0,,
353,0,MH,Maharashtra,MH_Other State,Other State,118,97,0,21,0,0,0,0,0,,
354,392,MH,Maharashtra,MH_Palghar,Palghar,4028,2777,1158,93,0,0,0,0,0,,
355,393,MH,Maharashtra,MH_Parbhani,Parbhani,87,8,75,4,0,0,0,0,0,,
356,394,MH,Maharashtra,MH_Pune,Pune,17445,7401,9407,637,0,0,0,0,0,,
357,395,MH,Maharashtra,MH_Raigad,Raigad,2889,1001,1793,93,2,0,0,0,0,,
358,396,MH,Maharashtra,MH_Ratnagiri,Ratnagiri,517,131,361,25,0,0,0,0,0,,
359,397,MH,Maharashtra,MH_Sangli,Sangli,303,118,176,9,0,0,0,0,0,,
360,398,MH,Maharashtra,MH_Satara,Satara,876,166,668,41,1,0,0,0,0,,
361,399,MH,Maharashtra,MH_Sindhudurg,Sindhudurg,182,32,146,4,0,0,0,0,0,,
362,400,MH,Maharashtra,MH_Solapur,Solapur,2368,912,1224,232,0,0,0,0,0,,
363,401,MH,Maharashtra,MH_Thane,Thane,27880,15328,11778,773,1,0,0,0,0,,
364,402,MH,Maharashtra,MH_Wardha,Wardha,14,2,11,1,0,0,0,0,0,,
365,403,MH,Maharashtra,MH_Washim,Washim,80,29,48,3,0,0,0,0,0,,
366,404,MH,Maharashtra,MH_Yavatmal,Yavatmal,255,86,161,8,0,0,0,0,0,,
367,421,ML,Meghalaya,ML_East Garo Hills,East Garo Hills,0,0,0,0,0,0,0,0,0,,
368,422,ML,Meghalaya,ML_East Jaintia Hills,East Jaintia Hills,0,0,0,0,0,0,0,0,0,,
369,423,ML,Meghalaya,ML_East Khasi Hills,East Khasi Hills,25,7,17,1,0,0,0,0,0,,
370,424,ML,Meghalaya,ML_North Garo Hills,North Garo Hills,1,0,1,0,0,0,0,0,0,,
371,425,ML,Meghalaya,ML_Ribhoi,Ribhoi,0,0,0,0,0,0,0,0,0,,
372,426,ML,Meghalaya,ML_South Garo Hills,South Garo Hills,0,0,0,0,0,0,0,0,0,,
373,427,ML,Meghalaya,ML_South West Garo Hills,South West Garo Hills,7,3,4,0,0,0,0,0,0,,
374,428,ML,Meghalaya,ML_South West Khasi Hills,South West Khasi Hills,0,0,0,0,0,0,0,0,0,,
375,429,ML,Meghalaya,ML_West Garo Hills,West Garo Hills,5,1,4,0,0,0,0,0,0,,
376,430,ML,Meghalaya,ML_West Jaintia Hills,West Jaintia Hills,5,0,5,0,0,0,0,0,0,,
377,431,ML,Meghalaya,ML_West Khasi Hills,West Khasi Hills,1,1,0,0,0,0,0,0,0,,
378,405,MN,Manipur,MN_Bishnupur,Bishnupur,79,23,56,0,0,2,2,0,0,,
379,406,MN,Manipur,MN_Chandel,Chandel,38,34,4,0,0,0,0,0,0,,
380,407,MN,Manipur,MN_Churachandpur,Churachandpur,116,69,47,0,0,2,2,0,0,,
381,408,MN,Manipur,MN_Imphal East,Imphal East,36,20,16,0,0,1,1,0,0,,
382,409,MN,Manipur,MN_Imphal West,Imphal West,77,28,49,0,0,3,3,0,0,,
383,410,MN,Manipur,MN_Jiribam,Jiribam,3,1,2,0,0,0,0,0,0,,
384,411,MN,Manipur,MN_Kakching,Kakching,73,48,25,0,0,4,4,0,0,,
385,412,MN,Manipur,MN_Kamjong,Kamjong,57,40,17,0,0,2,2,0,0,,
386,413,MN,Manipur,MN_Kangpokpi,Kangpokpi,102,84,18,0,0,1,1,0,0,,
387,414,MN,Manipur,MN_Noney,Noney,23,9,14,0,0,0,0,0,0,,
388,415,MN,Manipur,MN_Pherzawl,Pherzawl,32,29,3,0,0,0,0,0,0,,
389,416,MN,Manipur,MN_Senapati,Senapati,90,81,9,0,0,2,2,0,0,,
390,417,MN,Manipur,MN_Tamenglong,Tamenglong,162,144,18,0,0,55,55,0,0,,
391,418,MN,Manipur,MN_Tengnoupal,Tengnoupal,14,1,13,0,0,0,0,0,0,,
392,419,MN,Manipur,MN_Thoubal,Thoubal,43,20,23,0,0,2,2,0,0,,
393,420,MN,Manipur,MN_Ukhrul,Ukhrul,111,97,14,0,0,12,12,0,0,,
394,317,MP,Madhya Pradesh,MP_Agar Malwa,Agar Malwa,16,1,14,1,0,0,0,0,0,,
395,318,MP,Madhya Pradesh,MP_Alirajpur,Alirajpur,3,0,3,0,0,0,0,0,0,,
396,319,MP,Madhya Pradesh,MP_Anuppur,Anuppur,29,0,29,0,0,0,0,0,0,,
397,320,MP,Madhya Pradesh,MP_Ashoknagar,Ashoknagar,43,2,40,1,0,0,0,0,0,,
398,321,MP,Madhya Pradesh,MP_Balaghat,Balaghat,20,8,12,0,0,0,0,0,0,,
399,322,MP,Madhya Pradesh,MP_Barwani,Barwani,97,23,71,3,0,5,2,3,0,,
400,323,MP,Madhya Pradesh,MP_Betul,Betul,49,11,38,0,0,2,1,1,0,,
401,324,MP,Madhya Pradesh,MP_Bhind,Bhind,176,63,113,0,0,3,3,0,0,,
402,325,MP,Madhya Pradesh,MP_Bhopal,Bhopal,2633,657,1882,94,0,32,-11,40,3,,
403,326,MP,Madhya Pradesh,MP_Burhanpur,Burhanpur,391,6,362,23,0,0,0,0,0,,
404,327,MP,Madhya Pradesh,MP_Chhatarpur,Chhatarpur,54,6,48,0,0,1,1,0,0,,
405,328,MP,Madhya Pradesh,MP_Chhindwara,Chhindwara,43,20,21,2,0,0,0,0,0,,
406,329,MP,Madhya Pradesh,MP_Damoh,Damoh,32,5,27,0,0,1,1,0,0,,
407,330,MP,Madhya Pradesh,MP_Datia,Datia,21,0,20,1,0,0,0,0,0,,
408,331,MP,Madhya Pradesh,MP_Dewas,Dewas,208,34,164,10,0,2,-2,4,0,,
409,332,MP,Madhya Pradesh,MP_Dhar,Dhar,161,24,132,5,0,6,4,2,0,,
410,333,MP,Madhya Pradesh,MP_Dindori,Dindori,30,1,29,0,0,0,0,0,0,,
411,335,MP,Madhya Pradesh,MP_Guna,Guna,12,2,9,1,0,0,0,0,0,,
412,336,MP,Madhya Pradesh,MP_Gwalior,Gwalior,312,51,259,2,0,3,-1,4,0,,
413,337,MP,Madhya Pradesh,MP_Harda,Harda,26,8,17,1,0,0,0,0,0,,
414,338,MP,Madhya Pradesh,MP_Hoshangabad,Hoshangabad,41,4,34,3,0,0,0,0,0,,
415,339,MP,Madhya Pradesh,MP_Indore,Indore,4507,952,3344,211,0,46,-12,54,4,,
416,340,MP,Madhya Pradesh,MP_Jabalpur,Jabalpur,378,67,297,14,0,6,5,1,0,,
417,341,MP,Madhya Pradesh,MP_Jhabua,Jhabua,15,0,14,1,0,0,-1,1,0,,
418,342,MP,Madhya Pradesh,MP_Katni,Katni,15,6,7,2,0,0,-4,4,0,,
419,334,MP,Madhya Pradesh,MP_Khandwa,Khandwa,293,13,263,17,0,1,1,0,0,,
420,368,MP,Madhya Pradesh,MP_Khargone,Khargone,269,37,218,14,0,0,-6,6,0,,
421,343,MP,Madhya Pradesh,MP_Mandla,Mandla,6,1,4,1,0,0,0,0,0,,
422,344,MP,Madhya Pradesh,MP_Mandsaur,Mandsaur,105,7,89,9,0,4,3,1,0,,
423,345,MP,Madhya Pradesh,MP_Morena,Morena,224,76,147,1,0,10,10,0,0,,
424,346,MP,Madhya Pradesh,MP_Narsinghpur,Narsinghpur,30,11,19,0,0,0,0,0,0,,
425,347,MP,Madhya Pradesh,MP_Neemuch,Neemuch,435,32,396,7,0,3,0,3,0,,
426,348,MP,Madhya Pradesh,MP_Niwari,Niwari,8,8,0,0,0,0,0,0,0,,
427,0,MP,Madhya Pradesh,MP_Other Region,Other Region,0,0,0,0,0,0,0,0,0,,
428,349,MP,Madhya Pradesh,MP_Panna,Panna,29,7,22,0,0,0,0,0,0,,
429,350,MP,Madhya Pradesh,MP_Raisen,Raisen,108,23,80,5,0,0,-2,2,0,,
430,351,MP,Madhya Pradesh,MP_Rajgarh,Rajgarh,82,40,37,5,0,1,0,1,0,,
431,352,MP,Madhya Pradesh,MP_Ratlam,Ratlam,143,19,118,6,0,2,1,1,0,,
432,353,MP,Madhya Pradesh,MP_Rewa,Rewa,46,7,38,1,0,3,3,0,0,,
433,354,MP,Madhya Pradesh,MP_Sagar,Sagar,308,65,223,20,0,6,4,1,1,,
434,355,MP,Madhya Pradesh,MP_Satna,Satna,29,7,20,2,0,2,2,0,0,,
435,356,MP,Madhya Pradesh,MP_Sehore,Sehore,13,2,9,2,0,0,0,0,0,,
436,357,MP,Madhya Pradesh,MP_Seoni,Seoni,11,9,2,0,0,0,0,0,0,,
437,358,MP,Madhya Pradesh,MP_Shahdol,Shahdol,18,3,15,0,0,1,1,0,0,,
438,359,MP,Madhya Pradesh,MP_Shajapur,Shajapur,54,10,41,3,0,1,-2,3,0,,
439,360,MP,Madhya Pradesh,MP_Sheopur,Sheopur,70,13,55,2,0,2,2,0,0,,
440,361,MP,Madhya Pradesh,MP_Shivpuri,Shivpuri,33,12,21,0,0,2,2,0,0,,
441,362,MP,Madhya Pradesh,MP_Sidhi,Sidhi,20,2,17,1,0,0,0,0,0,,
442,363,MP,Madhya Pradesh,MP_Singrauli,Singrauli,16,4,12,0,0,0,0,0,0,,
443,364,MP,Madhya Pradesh,MP_Tikamgarh,Tikamgarh,30,15,14,1,0,0,0,0,0,,
444,365,MP,Madhya Pradesh,MP_Ujjain,Ujjain,850,57,724,69,0,1,-13,14,0,,
445,366,MP,Madhya Pradesh,MP_Umaria,Umaria,10,0,9,1,0,0,0,0,0,,
446,367,MP,Madhya Pradesh,MP_Vidisha,Vidisha,43,3,40,0,0,1,1,0,0,,
447,432,MZ,Mizoram,MZ_Aizawl,Aizawl,35,22,13,0,0,0,-2,2,0,,
448,433,MZ,Mizoram,MZ_Champhai,Champhai,8,4,4,0,0,0,0,0,0,,
449,729,MZ,Mizoram,MZ_Hnahthial,Hnahthial,0,0,0,0,0,0,0,0,0,,
450,730,MZ,Mizoram,MZ_Khawzawl,Khawzawl,3,2,1,0,0,0,-1,1,0,,
451,434,MZ,Mizoram,MZ_Kolasib,Kolasib,11,1,10,0,0,0,-3,3,0,,
452,435,MZ,Mizoram,MZ_Lawngtlai,Lawngtlai,8,8,0,0,0,0,0,0,0,,
453,436,MZ,Mizoram,MZ_Lunglei,Lunglei,47,47,0,0,0,0,0,0,0,,
454,437,MZ,Mizoram,MZ_Mamit,Mamit,18,17,1,0,0,0,0,0,0,,
455,438,MZ,Mizoram,MZ_Saiha,Saiha,9,9,0,0,0,0,0,0,0,,
456,728,MZ,Mizoram,MZ_Saitual,Saitual,3,2,1,0,0,0,0,0,0,,
457,439,MZ,Mizoram,MZ_Serchhip,Serchhip,3,3,0,0,0,0,0,0,0,,
458,0,NL,Nagaland,NL_Others,Others,22,22,0,0,0,4,4,0,0,,
459,440,NL,Nagaland,NL_Dimapur,Dimapur,60,43,17,0,0,3,-5,8,0,,
460,441,NL,Nagaland,NL_Kiphire,Kiphire,4,4,0,0,0,0,0,0,0,,
461,442,NL,Nagaland,NL_Kohima,Kohima,29,25,4,0,0,3,1,2,0,,
462,443,NL,Nagaland,NL_Longleng,Longleng,1,1,0,0,0,0,0,0,0,,
463,444,NL,Nagaland,NL_Mokokchung,Mokokchung,0,0,0,0,0,0,0,0,0,,
464,445,NL,Nagaland,NL_Mon,Mon,48,48,0,0,0,0,0,0,0,,
465,446,NL,Nagaland,NL_Peren,Peren,161,157,4,0,0,0,-2,2,0,,
466,447,NL,Nagaland,NL_Phek,Phek,2,2,0,0,0,0,0,0,0,,
467,448,NL,Nagaland,NL_Tuensang,Tuensang,13,13,0,0,0,-2,-2,0,0,,
468,449,NL,Nagaland,NL_Wokha,Wokha,10,10,0,0,0,0,0,0,0,,
469,450,NL,Nagaland,NL_Zunheboto,Zunheboto,5,5,0,0,0,0,0,0,0,,
470,0,OR,Odisha,OR_Others,Others,14,14,0,0,0,6,6,0,0,Includes NDRF-ODRF returnees after West Bengal Amphan duty,
471,451,OR,Odisha,OR_Angul,Angul,58,11,47,0,0,1,-2,3,0,,
472,452,OR,Odisha,OR_Balangir,Balangir,165,22,143,0,0,11,11,0,0,,
473,453,OR,Odisha,OR_Balasore,Balasore,325,102,222,1,0,2,-5,7,0,,
474,454,OR,Odisha,OR_Bargarh,Bargarh,68,20,47,1,0,0,-13,13,0,,
475,456,OR,Odisha,OR_Bhadrak,Bhadrak,200,16,184,0,0,0,-5,5,0,,
476,455,OR,Odisha,OR_Boudh,Boudh,40,2,38,0,0,0,0,0,0,,
477,457,OR,Odisha,OR_Cuttack,Cuttack,496,87,405,4,0,5,5,0,0,,
478,458,OR,Odisha,OR_Deogarh,Deogarh,42,2,40,0,0,1,1,0,0,,
479,459,OR,Odisha,OR_Dhenkanal,Dhenkanal,73,20,53,0,0,7,5,2,0,,
480,460,OR,Odisha,OR_Gajapati,Gajapati,384,263,121,0,0,29,6,23,0,,
481,461,OR,Odisha,OR_Ganjam,Ganjam,1088,312,768,8,0,58,19,39,0,,
482,462,OR,Odisha,OR_Jagatsinghpur,Jagatsinghpur,239,84,155,0,0,0,-4,4,0,,
483,463,OR,Odisha,OR_Jajpur,Jajpur,401,60,341,0,0,8,8,0,0,,
484,464,OR,Odisha,OR_Jharsuguda,Jharsuguda,76,56,20,0,0,0,-1,1,0,,
485,465,OR,Odisha,OR_Kalahandi,Kalahandi,70,13,57,0,0,0,0,0,0,,
486,466,OR,Odisha,OR_Kandhamal,Kandhamal,176,31,145,0,0,0,0,0,0,,
487,467,OR,Odisha,OR_Kendrapara,Kendrapara,223,33,190,0,0,3,-1,4,0,,
488,468,OR,Odisha,OR_Kendujhar,Kendujhar,105,29,76,0,0,5,1,4,0,,
489,469,OR,Odisha,OR_Khordha,Khordha,735,251,478,6,0,47,24,23,0,,
490,470,OR,Odisha,OR_Koraput,Koraput,26,9,17,0,0,0,0,0,0,,
491,471,OR,Odisha,OR_Malkangiri,Malkangiri,53,5,48,0,0,0,-4,4,0,,
492,472,OR,Odisha,OR_Mayurbhanj,Mayurbhanj,172,51,120,1,0,7,7,0,0,,
493,473,OR,Odisha,OR_Nabarangapur,Nabarangapur,15,12,2,1,0,2,2,0,0,,
494,474,OR,Odisha,OR_Nayagarh,Nayagarh,135,24,111,0,0,3,3,0,0,,
495,475,OR,Odisha,OR_Nuapada,Nuapada,79,2,77,0,0,0,0,0,0,,
496,476,OR,Odisha,OR_Puri,Puri,232,56,174,2,0,8,-11,19,0,,
497,477,OR,Odisha,OR_Rayagada,Rayagada,22,10,12,0,0,0,-5,5,0,,
498,478,OR,Odisha,OR_Sambalpur,Sambalpur,45,21,24,0,0,1,1,0,0,,
499,479,OR,Odisha,OR_Subarnapur,Subarnapur,35,0,35,0,0,0,-4,4,0,,
500,480,OR,Odisha,OR_Sundargarh,Sundargarh,170,29,141,0,0,6,-2,8,0,,
501,485,PB,Punjab,PB_Amritsar,Amritsar,838,255,547,36,0,32,6,24,2,,
502,486,PB,Punjab,PB_Barnala,Barnala,46,17,27,2,0,0,0,0,0,,
503,487,PB,Punjab,PB_Bathinda,Bathinda,85,21,64,0,0,0,0,0,0,,
504,488,PB,Punjab,PB_Faridkot,Faridkot,101,14,87,0,0,1,1,0,0,,
505,489,PB,Punjab,PB_Fatehgarh Sahib,Fatehgarh Sahib,101,21,80,0,0,0,0,0,0,,
506,490,PB,Punjab,PB_Fazilka,Fazilka,77,23,54,0,0,2,-2,4,0,,
507,491,PB,Punjab,PB_Ferozepur,Ferozepur,86,34,49,3,0,5,2,3,0,,
508,492,PB,Punjab,PB_Gurdaspur,Gurdaspur,198,25,170,3,0,2,0,2,0,,
509,493,PB,Punjab,PB_Hoshiarpur,Hoshiarpur,166,13,148,5,0,1,-7,8,0,,
510,494,PB,Punjab,PB_Jalandhar,Jalandhar,668,335,315,18,0,23,23,0,0,,
511,495,PB,Punjab,PB_Kapurthala,Kapurthala,83,34,44,5,0,7,7,0,0,,
512,496,PB,Punjab,PB_Ludhiana,Ludhiana,663,198,446,19,0,21,7,13,1,,
513,497,PB,Punjab,PB_Mansa,Mansa,44,9,35,0,0,1,1,0,0,,
514,498,PB,Punjab,PB_Moga,Moga,92,15,75,2,0,6,4,1,1,,
515,499,PB,Punjab,PB_Pathankot,Pathankot,195,43,147,5,0,0,-10,10,0,,
516,500,PB,Punjab,PB_Patiala,Patiala,243,100,138,5,0,8,7,1,0,,
517,501,PB,Punjab,PB_Rupnagar,Rupnagar,95,16,78,1,0,1,-1,2,0,,
518,502,PB,Punjab,PB_S.A.S. Nagar,S.A.S. Nagar,228,55,170,3,0,4,4,0,0,,
519,503,PB,Punjab,PB_Sangrur,Sangrur,322,156,157,9,0,19,0,17,2,,
520,504,PB,Punjab,PB_Shahid Bhagat Singh Nagar,Shahid Bhagat Singh Nagar,126,6,119,1,0,0,-1,1,0,,
521,505,PB,Punjab,PB_Sri Muktsar Sahib,Sri Muktsar Sahib,125,46,79,0,0,8,1,7,0,,
522,506,PB,Punjab,PB_Tarn Taran,Tarn Taran,187,21,163,3,0,1,0,0,1,,
523,481,PY,Puducherry,PY_Karaikal,Karaikal,14,11,3,0,0,0,0,0,0,,
524,482,PY,Puducherry,PY_Mahe,Mahe,10,1,9,0,0,0,0,0,0,,
525,483,PY,Puducherry,PY_Puducherry,Puducherry,436,263,164,9,0,0,0,0,0,,
526,484,PY,Puducherry,PY_Yanam,Yanam,1,1,0,0,0,0,0,0,0,,
527,507,RJ,Rajasthan,RJ_Ajmer,Ajmer,470,47,408,15,0,1,1,0,0,,
528,508,RJ,Rajasthan,RJ_Alwar,Alwar,399,92,302,5,0,13,13,0,0,,
529,509,RJ,Rajasthan,RJ_Banswara,Banswara,92,0,90,2,0,0,0,0,0,,
530,510,RJ,Rajasthan,RJ_Baran,Baran,64,2,58,4,0,0,0,0,0,,
531,511,RJ,Rajasthan,RJ_Barmer,Barmer,232,97,133,2,0,7,7,0,0,,
532,512,RJ,Rajasthan,RJ_Bharatpur,Bharatpur,1434,328,1075,31,0,2,-10,12,0,,
533,513,RJ,Rajasthan,RJ_Bhilwara,Bhilwara,242,53,184,5,0,0,0,0,0,,
534,514,RJ,Rajasthan,RJ_Bikaner,Bikaner,208,73,125,10,0,2,2,0,0,,
535,0,RJ,Rajasthan,RJ_BSF Camp,BSF Camp,50,0,50,0,0,0,0,0,0,,
536,515,RJ,Rajasthan,RJ_Bundi,Bundi,12,2,10,0,0,0,0,0,0,,
537,516,RJ,Rajasthan,RJ_Chittorgarh,Chittorgarh,208,6,196,6,0,0,0,0,0,,
538,517,RJ,Rajasthan,RJ_Churu,Churu,281,91,188,2,0,0,0,0,0,,
539,518,RJ,Rajasthan,RJ_Dausa,Dausa,122,22,97,3,0,4,-1,5,0,,
540,519,RJ,Rajasthan,RJ_Dholpur,Dholpur,549,397,148,4,0,6,6,0,0,,
541,520,RJ,Rajasthan,RJ_Dungarpur,Dungarpur,422,30,392,0,0,5,5,0,0,,
542,0,RJ,Rajasthan,RJ_Evacuees,Evacuees,61,0,61,0,0,0,0,0,0,,
543,521,RJ,Rajasthan,RJ_Ganganagar,Ganganagar,48,25,20,3,0,0,0,0,0,,
544,522,RJ,Rajasthan,RJ_Hanumangarh,Hanumangarh,57,17,40,0,0,3,3,0,0,,
545,0,RJ,Rajasthan,RJ_Italians,Italians,2,0,2,0,0,0,0,0,0,,
546,523,RJ,Rajasthan,RJ_Jaipur,Jaipur,3120,596,2372,152,0,14,14,0,0,,
547,524,RJ,Rajasthan,RJ_Jaisalmer,Jaisalmer,101,21,80,0,0,3,3,0,0,,
548,525,RJ,Rajasthan,RJ_Jalore,Jalore,258,66,190,2,0,0,0,0,0,,
549,526,RJ,Rajasthan,RJ_Jhalawar,Jhalawar,375,22,353,0,0,1,-1,2,0,,
550,527,RJ,Rajasthan,RJ_Jhunjhunu,Jhunjhunu,323,34,288,1,0,2,2,0,0,,
551,528,RJ,Rajasthan,RJ_Jodhpur,Jodhpur,2528,344,2147,37,0,0,0,0,0,,
552,529,RJ,Rajasthan,RJ_Karauli,Karauli,76,40,32,4,0,0,0,0,0,,
553,530,RJ,Rajasthan,RJ_Kota,Kota,585,37,526,22,0,9,9,0,0,,
554,531,RJ,Rajasthan,RJ_Nagaur,Nagaur,607,58,537,12,0,1,1,0,0,,
555,0,RJ,Rajasthan,RJ_Other State,Other State,91,68,0,23,0,2,2,0,0,,
556,532,RJ,Rajasthan,RJ_Pali,Pali,994,164,822,8,0,0,0,0,0,,
557,533,RJ,Rajasthan,RJ_Pratapgarh,Pratapgarh,15,1,13,1,0,0,0,0,0,,
558,534,RJ,Rajasthan,RJ_Rajsamand,Rajsamand,223,52,170,1,0,0,0,0,0,,
559,535,RJ,Rajasthan,RJ_Sawai Madhopur,Sawai Madhopur,89,25,59,5,0,0,0,0,0,,
560,536,RJ,Rajasthan,RJ_Sikar,Sikar,489,92,391,6,0,0,0,0,0,,
561,537,RJ,Rajasthan,RJ_Sirohi,Sirohi,387,106,276,5,0,0,-16,16,0,,
562,538,RJ,Rajasthan,RJ_Tonk,Tonk,200,3,196,1,0,0,0,0,0,,
563,539,RJ,Rajasthan,RJ_Udaipur,Udaipur,671,53,615,3,0,1,1,0,0,,
564,540,SK,Sikkim,SK_East Sikkim,East Sikkim,25,24,1,0,0,0,0,0,0,,
565,541,SK,Sikkim,SK_North Sikkim,North Sikkim,0,0,0,0,0,0,0,0,0,,
566,542,SK,Sikkim,SK_South Sikkim,South Sikkim,35,17,18,0,0,0,0,0,0,,
567,543,SK,Sikkim,SK_West Sikkim,West Sikkim,21,11,10,0,0,0,0,0,0,,
568,0,TG,Telangana,TG_Foreign Evacuees,Foreign Evacuees,33,33,0,0,0,0,0,0,0,,
569,0,TG,Telangana,TG_Other State,Other State,250,250,0,0,0,0,0,0,0,,
570,576,TG,Telangana,TG_Adilabad,Adilabad,35,20,15,0,0,0,0,0,0,,
571,577,TG,Telangana,TG_Bhadradri Kothagudem,Bhadradri Kothagudem,12,8,4,0,0,0,0,0,0,,
572,578,TG,Telangana,TG_Hyderabad,Hyderabad,7596,7268,305,23,0,0,0,0,0,,
573,579,TG,Telangana,TG_Jagtial,Jagtial,18,16,2,0,0,0,0,0,0,,
574,580,TG,Telangana,TG_Jangaon,Jangaon,75,74,1,0,0,0,0,0,0,,
575,581,TG,Telangana,TG_Jayashankar Bhupalapally,Jayashankar Bhupalapally,6,6,0,0,0,0,0,0,0,,
576,582,TG,Telangana,TG_Jogulamba Gadwal,Jogulamba Gadwal,47,21,25,1,0,0,0,0,0,,
577,583,TG,Telangana,TG_Kamareddy,Kamareddy,33,25,8,0,0,0,0,0,0,,
578,584,TG,Telangana,TG_Karimnagar,Karimnagar,66,50,16,0,0,0,0,0,0,,
579,585,TG,Telangana,TG_Khammam,Khammam,30,27,3,0,0,0,0,0,0,,
580,586,TG,Telangana,TG_Komaram Bheem,Komaram Bheem,21,19,2,0,0,0,0,0,0,,
581,587,TG,Telangana,TG_Mahabubabad,Mahabubabad,11,10,1,0,0,0,0,0,0,,
582,588,TG,Telangana,TG_Mahabubnagar,Mahabubnagar,55,47,8,0,0,0,0,0,0,,
583,589,TG,Telangana,TG_Mancherial,Mancherial,25,24,0,1,0,0,0,0,0,,
584,590,TG,Telangana,TG_Medak,Medak,44,40,4,0,0,0,0,0,0,,
585,591,TG,Telangana,TG_Medchal Malkajgiri,Medchal Malkajgiri,355,345,9,1,0,0,0,0,0,,
586,592,TG,Telangana,TG_Mulugu,Mulugu,12,10,2,0,0,0,0,0,0,,
587,593,TG,Telangana,TG_Nagarkurnool,Nagarkurnool,13,11,2,0,0,0,0,0,0,,
588,594,TG,Telangana,TG_Nalgonda,Nalgonda,34,22,12,0,0,0,0,0,0,,
589,595,TG,Telangana,TG_Narayanpet,Narayanpet,3,2,0,1,0,0,0,0,0,,
590,596,TG,Telangana,TG_Nirmal,Nirmal,26,13,13,0,0,0,0,0,0,,
591,597,TG,Telangana,TG_Nizamabad,Nizamabad,78,48,30,0,0,0,0,0,0,,
592,598,TG,Telangana,TG_Peddapalli,Peddapalli,6,5,1,0,0,0,0,0,0,,
593,599,TG,Telangana,TG_Rajanna Sircilla,Rajanna Sircilla,11,9,2,0,0,0,0,0,0,,
594,600,TG,Telangana,TG_Ranga Reddy,Ranga Reddy,727,708,17,2,0,0,0,0,0,,
595,601,TG,Telangana,TG_Sangareddy,Sangareddy,94,88,6,0,0,0,0,0,0,,
596,602,TG,Telangana,TG_Siddipet,Siddipet,11,10,1,0,0,0,0,0,0,,
597,603,TG,Telangana,TG_Suryapet,Suryapet,89,65,24,0,0,0,0,0,0,,
598,604,TG,Telangana,TG_Vikarabad,Vikarabad,44,28,15,1,0,0,0,0,0,,
599,605,TG,Telangana,TG_Wanaparthy,Wanaparthy,5,5,0,0,0,0,0,0,0,,
600,606,TG,Telangana,TG_Warangal Rural,Warangal Rural,34,34,0,0,0,0,0,0,0,,
601,607,TG,Telangana,TG_Warangal Urban,Warangal Urban,74,51,23,0,0,0,0,0,0,,
602,608,TG,Telangana,TG_Yadadri Bhuvanagiri,Yadadri Bhuvanagiri,15,15,0,0,0,0,0,0,0,,
603,0,TN,Tamil Nadu,TN_Railway Quarantine,Railway Quarantine,402,201,201,0,0,0,-4,4,0,,
604,0,TN,Tamil Nadu,TN_Airport Quarantine,Airport Quarantine,545,344,200,1,0,61,51,10,0,,
605,0,TN,Tamil Nadu,TN_Other State,Other State,0,-3,0,3,0,0,0,0,0,,
606,544,TN,Tamil Nadu,TN_Ariyalur,Ariyalur,450,59,391,0,0,10,9,1,0,,
607,732,TN,Tamil Nadu,TN_Chengalpattu,Chengalpattu,4407,1987,2355,65,0,205,161,39,5,,
608,545,TN,Tamil Nadu,TN_Chennai,Chennai,47650,18973,27986,691,0,1836,296,1514,26,,
609,546,TN,Tamil Nadu,TN_Coimbatore,Coimbatore,347,171,175,1,0,33,28,5,0,,
610,547,TN,Tamil Nadu,TN_Cuddalore,Cuddalore,912,377,530,5,0,20,12,8,0,,
611,548,TN,Tamil Nadu,TN_Dharmapuri,Dharmapuri,47,28,19,0,0,2,2,0,0,,
612,549,TN,Tamil Nadu,TN_Dindigul,Dindigul,377,129,244,4,0,10,-10,20,0,,
613,550,TN,Tamil Nadu,TN_Erode,Erode,96,22,72,2,0,7,7,0,0,,
614,734,TN,Tamil Nadu,TN_Kallakurichi,Kallakurichi,470,144,325,1,0,22,22,0,0,,
615,551,TN,Tamil Nadu,TN_Kancheepuram,Kancheepuram,1488,792,679,17,0,113,81,32,0,,
616,552,TN,Tamil Nadu,TN_Kanyakumari,Kanyakumari,255,136,118,1,0,55,40,15,0,,
617,553,TN,Tamil Nadu,TN_Karur,Karur,133,43,90,0,0,4,4,0,0,,
618,554,TN,Tamil Nadu,TN_Krishnagiri,Krishnagiri,73,39,32,2,0,2,2,0,0,,
619,555,TN,Tamil Nadu,TN_Madurai,Madurai,1279,820,448,11,0,206,179,25,2,,
620,556,TN,Tamil Nadu,TN_Nagapattinam,Nagapattinam,234,161,73,0,0,6,6,0,0,,
621,557,TN,Tamil Nadu,TN_Namakkal,Namakkal,90,3,86,1,0,0,0,0,0,,
622,564,TN,Tamil Nadu,TN_Nilgiris,Nilgiris,50,29,21,0,0,2,-2,4,0,,
623,558,TN,Tamil Nadu,TN_Perambalur,Perambalur,167,21,146,0,0,-1,-1,0,0,,
624,559,TN,Tamil Nadu,TN_Pudukkottai,Pudukkottai,102,62,38,2,0,1,1,0,0,,
625,560,TN,Tamil Nadu,TN_Ramanathapuram,Ramanathapuram,474,314,156,4,0,136,124,12,0,,
626,733,TN,Tamil Nadu,TN_Ranipet,Ranipet,567,263,302,2,0,22,21,1,0,,
627,561,TN,Tamil Nadu,TN_Salem,Salem,494,271,221,2,0,90,84,6,0,,
628,562,TN,Tamil Nadu,TN_Sivaganga,Sivaganga,135,73,61,1,0,25,22,3,0,,
629,731,TN,Tamil Nadu,TN_Tenkasi,Tenkasi,286,176,110,0,0,9,9,0,0,,
630,563,TN,Tamil Nadu,TN_Thanjavur,Thanjavur,357,203,153,1,0,22,19,3,0,,
631,565,TN,Tamil Nadu,TN_Theni,Theni,437,301,134,2,0,72,72,0,0,,
632,566,TN,Tamil Nadu,TN_Thiruvallur,Thiruvallur,3085,1160,1874,51,0,178,-234,406,6,,
633,567,TN,Tamil Nadu,TN_Thiruvarur,Thiruvarur,277,156,121,0,0,5,-4,9,0,,
634,568,TN,Tamil Nadu,TN_Thoothukkudi,Thoothukkudi,756,257,495,4,0,24,-21,45,0,,
635,569,TN,Tamil Nadu,TN_Tiruchirappalli,Tiruchirappalli,461,233,224,4,0,27,8,18,1,,
636,570,TN,Tamil Nadu,TN_Tirunelveli,Tirunelveli,689,243,441,5,0,9,1,8,0,,
637,735,TN,Tamil Nadu,TN_Tirupathur,Tirupathur,101,57,44,0,0,14,13,1,0,,
638,571,TN,Tamil Nadu,TN_Tiruppur,Tiruppur,128,12,116,0,0,7,7,0,0,,
639,572,TN,Tamil Nadu,TN_Tiruvannamalai,Tiruvannamalai,1428,854,564,10,0,56,35,18,3,,
640,573,TN,Tamil Nadu,TN_Vellore,Vellore,750,579,168,3,0,170,155,15,0,,
641,574,TN,Tamil Nadu,TN_Viluppuram,Viluppuram,695,250,433,12,0,41,32,9,0,,
642,575,TN,Tamil Nadu,TN_Virudhunagar,Virudhunagar,283,127,153,3,0,8,1,5,2,,
643,609,TR,Tripura,TR_Dhalai,Dhalai,209,8,201,0,0,0,0,0,0,,
644,610,TR,Tripura,TR_Gomati,Gomati,122,35,87,0,0,0,0,0,0,,
645,611,TR,Tripura,TR_Khowai,Khowai,43,17,26,0,0,0,0,0,0,,
646,612,TR,Tripura,TR_North Tripura,North Tripura,22,9,13,0,0,0,0,0,0,,
647,613,TR,Tripura,TR_Sipahijala,Sipahijala,545,267,278,0,0,0,0,0,0,,
648,614,TR,Tripura,TR_South Tripura,South Tripura,106,32,74,0,0,0,0,0,0,,
649,615,TR,Tripura,TR_Unokoti,Unokoti,68,19,49,0,0,0,0,0,0,,
650,616,TR,Tripura,TR_West Tripura,West Tripura,148,68,79,1,0,0,0,0,0,,
651,617,UP,Uttar Pradesh,UP_Agra,Agra,1164,112,967,85,0,5,-5,10,0,,
652,618,UP,Uttar Pradesh,UP_Aligarh,Aligarh,426,180,224,22,0,17,4,13,0,,
653,619,UP,Uttar Pradesh,UP_Ambedkar Nagar,Ambedkar Nagar,116,20,92,4,0,3,1,2,0,,
654,620,UP,Uttar Pradesh,UP_Amethi,Amethi,277,26,250,1,0,1,-5,6,0,,
655,621,UP,Uttar Pradesh,UP_Amroha,Amroha,124,44,78,2,0,0,-2,2,0,,
656,622,UP,Uttar Pradesh,UP_Auraiya,Auraiya,96,39,55,2,0,0,0,0,0,,
657,765,UP,Uttar Pradesh,UP_Ayodhya,Ayodhya,247,76,167,4,0,17,1,16,0,,
658,623,UP,Uttar Pradesh,UP_Azamgarh,Azamgarh,196,28,161,7,0,-1,-5,3,1,,
659,624,UP,Uttar Pradesh,UP_Baghpat,Baghpat,231,82,146,3,0,7,5,2,0,,
660,625,UP,Uttar Pradesh,UP_Bahraich,Bahraich,123,14,108,1,0,2,1,1,0,,
661,626,UP,Uttar Pradesh,UP_Ballia,Ballia,101,35,66,0,0,0,-3,3,0,,
662,627,UP,Uttar Pradesh,UP_Balrampur,Balrampur,61,9,51,1,0,4,3,1,0,,
663,628,UP,Uttar Pradesh,UP_Banda,Banda,41,8,33,0,0,0,-1,1,0,,
664,629,UP,Uttar Pradesh,UP_Barabanki,Barabanki,302,68,233,1,0,5,1,4,0,,
665,630,UP,Uttar Pradesh,UP_Bareilly,Bareilly,206,80,121,5,0,3,1,1,1,,
666,631,UP,Uttar Pradesh,UP_Basti,Basti,335,82,240,13,0,7,1,6,0,,
667,632,UP,Uttar Pradesh,UP_Bhadohi,Bhadohi,123,40,82,1,0,0,-6,6,0,,
668,633,UP,Uttar Pradesh,UP_Bijnor,Bijnor,248,40,203,5,0,18,13,5,0,,
669,634,UP,Uttar Pradesh,UP_Budaun,Budaun,122,63,57,2,0,24,24,0,0,,
670,635,UP,Uttar Pradesh,UP_Bulandshahr,Bulandshahr,525,207,298,20,0,-1,-19,18,0,,
671,636,UP,Uttar Pradesh,UP_Chandauli,Chandauli,104,62,41,1,0,1,0,1,0,,
672,637,UP,Uttar Pradesh,UP_Chitrakoot,Chitrakoot,89,15,72,2,0,-1,-3,2,0,,
673,638,UP,Uttar Pradesh,UP_Deoria,Deoria,197,54,139,4,0,4,-1,5,0,,
674,639,UP,Uttar Pradesh,UP_Etah,Etah,126,75,44,7,0,6,6,0,0,,
675,640,UP,Uttar Pradesh,UP_Etawah,Etawah,242,124,108,10,0,3,-4,5,2,,
676,642,UP,Uttar Pradesh,UP_Farrukhabad,Farrukhabad,131,65,61,5,0,5,0,3,2,,
677,643,UP,Uttar Pradesh,UP_Fatehpur,Fatehpur,118,20,98,0,0,5,4,1,0,,
678,644,UP,Uttar Pradesh,UP_Firozabad,Firozabad,498,122,355,21,0,20,10,10,0,,
679,645,UP,Uttar Pradesh,UP_Gautam Buddha Nagar,Gautam Buddha Nagar,1811,763,1028,20,0,142,109,32,1,,
680,646,UP,Uttar Pradesh,UP_Ghaziabad,Ghaziabad,1175,575,551,49,0,86,74,12,0,,
681,647,UP,Uttar Pradesh,UP_Ghazipur,Ghazipur,319,77,240,2,0,9,-23,32,0,,
682,648,UP,Uttar Pradesh,UP_Gonda,Gonda,150,31,115,4,0,1,-4,5,0,,
683,649,UP,Uttar Pradesh,UP_Gorakhpur,Gorakhpur,279,85,183,11,0,22,11,11,0,,
684,650,UP,Uttar Pradesh,UP_Hamirpur,Hamirpur,69,9,59,1,0,0,-19,19,0,,
685,651,UP,Uttar Pradesh,UP_Hapur,Hapur,550,283,256,11,0,3,-35,38,0,,
686,652,UP,Uttar Pradesh,UP_Hardoi,Hardoi,197,53,141,3,0,0,-5,5,0,,
687,653,UP,Uttar Pradesh,UP_Hathras,Hathras,151,49,99,3,0,8,-14,22,0,,
688,654,UP,Uttar Pradesh,UP_Jalaun,Jalaun,160,66,88,6,0,2,2,0,0,,
689,655,UP,Uttar Pradesh,UP_Jaunpur,Jaunpur,502,107,386,9,0,10,-3,12,1,,
690,656,UP,Uttar Pradesh,UP_Jhansi,Jhansi,126,52,60,14,0,12,9,3,0,,
691,657,UP,Uttar Pradesh,UP_Kannauj,Kannauj,219,71,147,1,0,1,-3,4,0,,
692,658,UP,Uttar Pradesh,UP_Kanpur Dehat,Kanpur Dehat,56,13,42,1,0,1,1,0,0,,
693,659,UP,Uttar Pradesh,UP_Kanpur Nagar,Kanpur Nagar,1034,345,646,43,0,20,-13,31,2,,
694,660,UP,Uttar Pradesh,UP_Kasganj,Kasganj,43,9,34,0,0,0,-2,2,0,,
695,661,UP,Uttar Pradesh,UP_Kaushambi,Kaushambi,65,9,56,0,0,0,-2,2,0,,
696,663,UP,Uttar Pradesh,UP_Kushinagar,Kushinagar,106,48,56,2,0,1,0,1,0,,
697,662,UP,Uttar Pradesh,UP_Lakhimpur Kheri,Lakhimpur Kheri,108,25,83,0,0,1,0,1,0,,
698,664,UP,Uttar Pradesh,UP_Lalitpur,Lalitpur,6,2,2,2,0,0,-1,0,1,,
699,665,UP,Uttar Pradesh,UP_Lucknow,Lucknow,962,401,547,14,0,32,22,9,1,,
700,667,UP,Uttar Pradesh,UP_Maharajganj,Maharajganj,155,56,96,3,0,1,-4,5,0,,
701,666,UP,Uttar Pradesh,UP_Mahoba,Mahoba,54,17,36,1,0,0,-8,8,0,,
702,668,UP,Uttar Pradesh,UP_Mainpuri,Mainpuri,216,66,143,7,0,0,-8,7,1,,
703,669,UP,Uttar Pradesh,UP_Mathura,Mathura,287,130,146,11,0,7,3,4,0,,
704,670,UP,Uttar Pradesh,UP_Mau,Mau,93,31,59,3,0,0,0,0,0,,
705,671,UP,Uttar Pradesh,UP_Meerut,Meerut,885,247,562,76,0,31,-1,32,0,,
706,672,UP,Uttar Pradesh,UP_Mirzapur,Mirzapur,77,29,47,1,0,4,4,0,0,,
707,673,UP,Uttar Pradesh,UP_Moradabad,Moradabad,396,94,284,18,0,1,-7,8,0,,
708,674,UP,Uttar Pradesh,UP_Muzaffarnagar,Muzaffarnagar,259,75,177,7,0,4,-12,16,0,,
709,675,UP,Uttar Pradesh,UP_Pilibhit,Pilibhit,113,43,70,0,0,2,2,0,0,,
710,676,UP,Uttar Pradesh,UP_Pratapgarh,Pratapgarh,109,7,97,5,0,1,0,1,0,,
711,677,UP,Uttar Pradesh,UP_Prayagraj,Prayagraj,226,59,158,9,0,11,2,8,1,,
712,678,UP,Uttar Pradesh,UP_Rae Bareli,Rae Bareli,126,19,104,3,0,5,5,0,0,,
713,679,UP,Uttar Pradesh,UP_Rampur,Rampur,332,73,256,3,0,11,10,1,0,,
714,680,UP,Uttar Pradesh,UP_Saharanpur,Saharanpur,363,74,289,0,0,3,-10,13,0,,
715,681,UP,Uttar Pradesh,UP_Sambhal,Sambhal,298,87,207,4,0,11,-3,14,0,,
716,682,UP,Uttar Pradesh,UP_Sant Kabir Nagar,Sant Kabir Nagar,205,48,150,7,0,2,1,1,0,,
717,683,UP,Uttar Pradesh,UP_Shahjahanpur,Shahjahanpur,116,52,64,0,0,11,8,3,0,,
718,684,UP,Uttar Pradesh,UP_Shamli,Shamli,119,57,61,1,0,7,2,5,0,,
719,685,UP,Uttar Pradesh,UP_Shrawasti,Shrawasti,56,9,46,1,0,1,1,0,0,,
720,686,UP,Uttar Pradesh,UP_Siddharthnagar,Siddharthnagar,236,60,168,8,0,2,-6,8,0,,
721,687,UP,Uttar Pradesh,UP_Sitapur,Sitapur,62,14,48,0,0,1,0,1,0,,
722,688,UP,Uttar Pradesh,UP_Sonbhadra,Sonbhadra,34,5,29,0,0,0,0,0,0,,
723,689,UP,Uttar Pradesh,UP_Sultanpur,Sultanpur,182,63,118,1,0,2,-5,7,0,,
724,690,UP,Uttar Pradesh,UP_Unnao,Unnao,139,61,76,2,0,5,-3,8,0,,
725,691,UP,Uttar Pradesh,UP_Varanasi,Varanasi,398,124,259,15,0,8,-8,15,1,,
726,692,UT,Uttarakhand,UT_Almora,Almora,163,63,98,2,0,0,-3,3,0,,
727,693,UT,Uttarakhand,UT_Bageshwar,Bageshwar,68,17,50,1,0,0,-4,4,0,,
728,694,UT,Uttarakhand,UT_Chamoli,Chamoli,67,23,44,0,0,0,0,0,0,,
729,695,UT,Uttarakhand,UT_Champawat,Champawat,51,6,44,1,0,0,0,0,0,,
730,696,UT,Uttarakhand,UT_Dehradun,Dehradun,651,144,474,20,13,3,-8,11,0,,
731,697,UT,Uttarakhand,UT_Haridwar,Haridwar,305,151,150,0,4,2,2,0,0,,
732,698,UT,Uttarakhand,UT_Nainital,Nainital,383,104,277,2,0,0,0,0,0,,
733,699,UT,Uttarakhand,UT_Pauri Garhwal,Pauri Garhwal,140,75,62,3,0,2,-3,5,0,,
734,700,UT,Uttarakhand,UT_Pithoragarh,Pithoragarh,65,15,50,0,0,0,0,0,0,,
735,701,UT,Uttarakhand,UT_Rudraprayag,Rudraprayag,62,22,39,1,0,0,0,0,0,,
736,702,UT,Uttarakhand,UT_Tehri Garhwal,Tehri Garhwal,410,86,322,2,0,1,0,1,0,,
737,703,UT,Uttarakhand,UT_Udham Singh Nagar,Udham Singh Nagar,215,104,108,3,0,11,11,0,0,,
738,704,UT,Uttarakhand,UT_Uttarkashi,Uttarkashi,62,35,27,0,0,0,0,0,0,,
739,705,WB,West Bengal,WB_Alipurduar,Alipurduar,178,97,81,0,0,0,-9,9,0,,
740,706,WB,West Bengal,WB_Bankura,Bankura,223,46,177,0,0,2,2,0,0,,
741,707,WB,West Bengal,WB_Birbhum,Birbhum,292,32,258,2,0,3,-5,8,0,,
742,708,WB,West Bengal,WB_Cooch Behar,Cooch Behar,291,25,266,0,0,0,0,0,0,,
743,709,WB,West Bengal,WB_Dakshin Dinajpur,Dakshin Dinajpur,162,84,78,0,0,0,-1,1,0,,
744,710,WB,West Bengal,WB_Darjeeling,Darjeeling,395,181,206,8,0,32,15,15,2,,
745,711,WB,West Bengal,WB_Hooghly,Hooghly,852,183,650,19,0,26,19,7,0,,
746,712,WB,West Bengal,WB_Howrah,Howrah,2265,546,1634,85,0,42,-16,57,1,,
747,713,WB,West Bengal,WB_Jalpaiguri,Jalpaiguri,318,84,234,0,0,0,-34,34,0,,
748,714,WB,West Bengal,WB_Jhargram,Jhargram,19,0,19,0,0,0,0,0,0,,
749,715,WB,West Bengal,WB_Kalimpong,Kalimpong,52,8,43,1,0,0,-2,2,0,,
750,716,WB,West Bengal,WB_Kolkata,Kolkata,5133,1854,2928,351,0,163,-39,196,6,,
751,717,WB,West Bengal,WB_Malda,Malda,489,192,297,0,0,20,14,6,0,,
752,719,WB,West Bengal,WB_Murshidabad,Murshidabad,213,43,167,3,0,5,-3,8,0,,
753,720,WB,West Bengal,WB_Nadia,Nadia,285,94,186,5,0,8,-6,14,0,,
754,721,WB,West Bengal,WB_North 24 Parganas,North 24 Parganas,2329,768,1468,93,0,117,48,67,2,,
755,0,WB,West Bengal,WB_Other State,Other State,66,4,59,3,0,0,0,0,0,,
756,722,WB,West Bengal,WB_Paschim Bardhaman,Paschim Bardhaman,125,19,103,3,0,1,-1,2,0,,
757,718,WB,West Bengal,WB_Paschim Medinipur,Paschim Medinipur,350,44,302,4,0,7,5,1,1,,
758,723,WB,West Bengal,WB_Purba Bardhaman,Purba Bardhaman,155,20,135,0,0,4,1,3,0,,
759,724,WB,West Bengal,WB_Purba Medinipur,Purba Medinipur,291,81,206,4,0,4,-21,25,0,,
760,725,WB,West Bengal,WB_Purulia,Purulia,87,3,84,0,0,0,0,0,0,,
761,726,WB,West Bengal,WB_South 24 Parganas,South 24 Parganas,804,390,390,24,0,25,-6,29,2,,
762,727,WB,West Bengal,WB_Uttar Dinajpur,Uttar Dinajpur,274,54,219,1,0,16,11,4,1,,
763,728,AN,Andaman and Nicobar Islands,AN_Unknown,Unknown,22,14,8,0,0,0,0,0,0,,
764,729,AP,Andhra Pradesh,AP_Unknown,Unknown,0,0,0,0,0,0,0,0,0,,
765,730,AR,Arunachal Pradesh,AR_Unknown,Unknown,0,0,0,0,0,0,0,0,0,,
766,731,AS,Assam,AS_Unknown,Unknown,2329,-721,3043,4,3,0,0,0,0,,
767,732,BR,Bihar,BR_Unknown,Unknown,0,0,0,0,0,0,0,0,0,,
768,733,CH,Chandigarh,CH_Unknown,Unknown,0,0,0,0,0,0,0,0,0,,
769,734,CT,Chhattisgarh,CT_Unknown,Unknown,0,0,0,0,0,0,0,0,0,,
770,735,DN,Dadra and Nagar Haveli and Daman and Diu,DN_Unknown,Unknown,0,0,0,0,0,0,0,0,0,,
771,737,DL,Delhi,DL_Unknown,Unknown,69602,25801,41437,2364,0,0,0,0,0,,
772,738,GA,Goa,GA_Unknown,Unknown,608,339,268,1,0,0,0,0,0,,
773,739,GJ,Gujarat,GJ_Unknown,Unknown,-2,-2,0,0,0,0,0,0,0,,
774,740,HR,Haryana,HR_Unknown,Unknown,0,0,0,0,0,0,0,0,0,,
775,741,HP,Himachal Pradesh,HP_Unknown,Unknown,0,0,0,0,0,0,0,0,0,,
776,742,JK,Jammu and Kashmir,JK_Unknown,Unknown,0,0,0,0,0,0,0,0,0,,
777,743,JH,Jharkhand,JH_Unknown,Unknown,0,0,0,0,0,0,0,0,0,,
778,744,KA,Karnataka,KA_Unknown,Unknown,0,0,0,0,0,0,0,0,0,,
779,745,KL,Kerala,KL_Unknown,Unknown,0,0,0,0,0,0,0,0,0,,
780,746,LA,Ladakh,LA_Unknown,Unknown,0,0,0,0,0,0,0,0,0,,
781,747,LD,Lakshadweep,LD_Unknown,Unknown,0,0,0,0,0,0,0,0,0,,
782,748,MP,Madhya Pradesh,MP_Unknown,Unknown,0,0,0,0,0,0,0,0,0,,
783,749,MH,Maharashtra,MH_Unknown,Unknown,0,0,0,0,0,0,0,0,0,,
784,750,MN,Manipur,MN_Unknown,Unknown,0,-26,26,0,0,0,0,0,0,,
785,751,ML,Meghalaya,ML_Unknown,Unknown,2,-8,10,0,0,0,0,0,0,,
786,752,MZ,Mizoram,MZ_Unknown,Unknown,0,0,0,0,0,0,0,0,0,,
787,753,NL,Nagaland,NL_Unknown,Unknown,0,-135,135,0,0,0,0,0,0,,
788,754,OR,Odisha,OR_Unknown,Unknown,0,0,0,0,0,0,0,0,0,,
789,755,PY,Puducherry,PY_Unknown,Unknown,0,0,0,0,0,0,0,0,0,,
790,756,PB,Punjab,PB_Unknown,Unknown,0,0,0,0,0,0,0,0,0,,
791,757,RJ,Rajasthan,RJ_Unknown,Unknown,0,0,0,0,0,0,0,0,0,,
792,758,SK,Sikkim,SK_Unknown,Unknown,2,-8,10,0,0,0,0,0,0,,
793,759,TN,Tamil Nadu,TN_Unknown,Unknown,0,0,0,0,0,0,0,0,0,,
794,760,TG,Telangana,TG_Unknown,Unknown,456,-3549,3810,195,0,0,0,0,0,,
795,761,TR,Tripura,TR_Unknown,Unknown,0,-97,97,0,0,0,0,0,0,,
796,762,UP,Uttar Pradesh,UP_Unknown,Unknown,0,0,0,0,0,0,0,0,0,,
797,763,UT,Uttarakhand,UT_Unknown,Unknown,0,0,0,0,0,0,0,0,0,,
798,764,WB,West Bengal,WB_Unknown,Unknown,0,0,0,0,0,0,0,0,0,,
